Referenza,Pershkrim,ml/g,Barcode,P.V.P. 2017,Sasia,CM.BLERJE.,Cmimi,,,,,,,
,FRAGRANCES FEMININES,,,,,,,,,,,,,
,DIORISSIMO,,,,,,,,,,,,,
,EAU DE TOILETTE,,,,,,,,,,,,,
F006422909,Vaporisateur,50,3348900314283,€ 77.84,,,,,,,,,,
F006424909,Vaporisateur,100,3348900314290,€ 109.97,,,,,,,,,,
,POISON,,,€ 0.00,,,,,,,,,,
,EAU DE TOILETTE,,,€ 0.00,,,,,,,,,,
F006321009,Vaporisateur,30,3348900011595,€ 57.89,1,,,,,,,,,
F006322009,Vaporisateur,50,3348900011632,€ 77.84,1,,,,,,,,,
F006324009,Vaporisateur,100,3348900011687,€ 109.97,1,,,,,,,,,
,POISON GIRL,,,€ 0.00,,,,,,,,,,
,EAU DE PARFUM,,,€ 0.00,,,,,,,,,,
F076321009,Vaporisateur,30,3348901293822,€ 62.00,10,32.24,322.40,,,,,,,
F076322009,Vaporisateur,50,3348901293839,€ 94.32,10,49.05,490.48,,,,,,,
F076324009,Vaporisateur,100,3348901293846,€ 133.44,10,69.39,693.87,,,,,,,
,EAU DE TOILETTE,,,€ 0.00,,,,,,,,,,
F026321009,Vaporisateur,30,3348901345743,€ 57.89,,,,,,,,,,
F026322009,Vaporisateur,50,3348901345729,€ 77.84,,,,,,,,,,
F026324009,Vaporisateur,100,3348901345736,€ 109.97,,,,,,,,,,
,HYPNOTIC POISON,,,€ 0.00,,,,,,,,,,
,EAU DE PARFUM,,,€ 0.00,,,,,,,,,,
F008342409,Vaporisateur,50,3348901192224,€ 94.32,20,49.05,980.96,,,,,,,
F008344409,Vaporisateur,100,3348901192231,€ 133.44,20,69.39,1387.75,,,,,,,
,EAU DE TOILETTE,,,€ 0.00,,,,,,,,,,
F006341009,Vaporisateur,30,3348900378551,€ 57.89,20,30.10,602.09,,,,,,,
F006342009,Vaporisateur,50,3348900378575,€ 77.84,20,40.48,809.54,,,,,,,
F006344009,Vaporisateur,100,3348900425309,€ 109.97,20,57.18,1143.67,,,,,,,
F006386009,Vaporisateur,150,3348901250351,€ 134.80,,,,,,,,,,
,PRODUITS POUR LE BAIN,,,€ 0.00,,,,,,,,,,
F000949000,Gel Douche Satiné,200,3348901282833,€ 44.04,,,,,,,,,,
F056364009,Déodorant Parfumé Vaporisateur,100,3348900943315,€ 45.58,30,23.70,710.97,,,,,,,
F000835000,Lait Satiné pour le Corps,200,3348901282840,€ 53.26,15,27.70,415.44,,,,,,,
,PURE POISON,,,€ 0.00,,,,,,,,,,
,EAU DE PARFUM,,,€ 0.00,,,,,,,,,,
F008321609,Vaporisateur,30,3348900606692,€ 67.82,10,35.27,352.65,,,,,,,
F008322609,Vaporisateur,50,3348900606708,€ 94.32,10,49.05,490.48,,,,,,,
F008324609,Vaporisateur,100,3348900606715,€ 133.44,10,69.39,693.87,,,,,,,
,DUNE,,,€ 0.00,,,,,,,,,,
,EAU DE TOILETTE,,,€ 0.00,,,,,,,,,,
F006922009,Vaporisateur,50,3348900103856,€ 77.84,,,,,,,,,,
F006924009,Vaporisateur,100,3348900103870,€ 109.97,,,,,,,,,,
,DOLCE VITA,,,€ 0.00,,,,,,,,,,
,EAU DE TOILETTE,,,€ 0.00,,,,,,,,,,
F061022009,Vaporisateur,50,3348900236714,€ 77.84,,,,,,,,,,
F061024009,Vaporisateur,100,3348900236738,€ 109.97,,,,,,,,,,
,J'ADORE,,,€ 0.00,,,,,,,,,,
,TOUCHE DE PARFUM ,,,€ 0.00,,,,,,,,,,
F043530000,Flacon,20,3348901263085,€ 94.32,,,,,,,,,,
,L'OR ESSENCE DE PARFUM,,,€ 0.00,,,,,,,,,,
F041542409,Vaporisateur,40,3348901211741,€ 133.44,,,,,,,,,,
,L'ABSOLU EAU DE PARFUM,,,€ 0.00,,,,,,,,,,
F071522439,Vaporisateur,50,3348901211734,€ 103.76,,,,,,,,,,
F071523439,Vaporisateur,75,3348901211727,€ 126.78,,,,,,,,,,
,EAU DE PARFUM,,,€ 0.00,,,,,,,,,,
F071521009,Vaporisateur,30,3348900417892,€ 67.82,,,,,,,,,,
F071522009,Vaporisateur,50,3348900417885,€ 94.32,1,,,,,,,,,
F071524009,Vaporisateur,100,3348900417878,€ 133.44,1,,,,,,,,,
F071586009,Vaporisateur,150,3348901237116,€ 166.79,,,,,,,,,,
F081560025,Vapo Sac + 2 Recharges,20+20X2,3348901076012,€ 108.47,,,,,,,,,,
F081560015,3 Recharges,20X3,3348901076029,€ 94.32,,,,,,,,,,
,VOILE DE PARFUM ,,,€ 0.00,,,,,,,,,,
F091512009,Vaporisateur ,50,3348901131803,€ 80.93,,,,,,,,,,
F091514009,Vaporisateur ,100,3348901131810,€ 115.42,,,,,,,,,,
,EAU DE TOILETTE,,,€ 0.00,,,,,,,,,,
F361522609,Vaporisateur,50,3348901296625,€ 77.84,,,,,,,,,,
F361524609,Vaporisateur,100,3348901296632,€ 109.97,,,,,,,,,,
,PRODUITS POUR LE BAIN,,,€ 0.00,,,,,,,,,,
F053015833,Savon Soyeux,150,3348900852679,€ 29.19,,,,,,,,,,
F052015818,Gel Douche Onctueux ,200,3348900852686,€ 47.58,,,,,,,,,,
F054015864,Déodorant Parfumé Vaporisateur,100,3348900852655,€ 45.58,,,,,,,,,,
F051505000,Lait Embellisseur pour le Corps,150,3348901138123,€ 53.26,,,,,,,,,,
F051015838,Crème Sublimatrice pour le Corps,200,3348900852693,€ 77.84,,,,,,,,,,
F001525000,Huile Sèche Satinée pour le Corps,150,3348901138130,€ 57.35,,,,,,,,,,
F000407000,Huile Divine de Bain,200,3348901300902,€ 79.79,,,,,,,,,,
F001501009,Parfum pour les Cheveux,30,3348900892309,€ 44.56,,,,,,,,,,
,COLLECTION CROISIERE - ESCALE A PORTOFINO,,,€ 0.00,,,,,,,,,,
,EAU DE TOILETTE,,,€ 0.00,,,,,,,,,,
F065123800,Vaporisateur ,75,3348900863286,€ 80.37,,,,,,,,,,
F065125800,Vaporisateur ,125,3348900863293,€ 115.73,,,,,,,,,,
,DIOR ADDICT,,,€ 0.00,,,,,,,,,,
,EAU DE PARFUM,,,€ 0.00,,,,,,,,,,
F007281409,Vaporisateur,30,3348901182331,€ 67.82,,,,,,,,,,
F007282409,Vaporisateur,50,3348901182348,€ 94.32,,,,,,,,,,
F007284409,Vaporisateur,100,3348901181839,€ 133.44,,,,,,,,,,
,EAU DE TOILETTE,,,€ 0.00,,,,,,,,,,
F062872009,Vaporisateur,50,3348901206167,€ 77.84,,,,,,,,,,
F062874009,Vaporisateur,100,3348901206174,€ 109.97,,,,,,,,,,
,EAU FRAICHE EAU DE TOILETTE ,,,€ 0.00,,,,,,,,,,
F006282849,Vaporisateur,50,3348901181853,€ 77.84,,,,,,,,,,
F006284849,Vaporisateur,100,3348901182362,€ 109.97,,,,,,,,,,
,PRODUITS POUR LE BAIN,,,€ 0.00,,,,,,,,,,
F001735009,Déodorant Parfumé Vaporisateur,100,3348901250344,€ 45.58,,,,,,,,,,
F000834000,Lait Velouté pour le Corps,200,3348901250320,€ 53.26,,,,,,,,,,
,MISS DIOR ORIGINAL,,,€ 0.00,,,,,,,,,,
,EAU DE TOILETTE ORIGINALE,,,€ 0.00,,,,,,,,,,
F006222909,Vaporisateur,50,3348900142305,€ 77.84,,,,,,,,,,
F006224909,Vaporisateur,100,3348900142312,€ 109.97,,,,,,,,,,
,MISS DIOR ,,,€ 0.00,,,,,,,,,,
,LE PARFUM EAU DE PARFUM INTENSE,,,€ 0.00,,,,,,,,,,
F041242009,Vaporisateur,40,3348901100496,€ 94.32,,,,,,,,,,
F041203009,Vaporisateur,75,3348901111300,€ 125.52,,,,,,,,,,
,EAU DE PARFUM,,,€ 0.00,,,,,,,,,,
F008221109,FRAGRANCES FEMININES,30,3348901016261,€ 67.82,20,35.27,705.31,,,,,,,
F008222109,Vaporisateur,50,3348901016278,€ 94.32,20,49.05,980.96,,,,,,,
F008224109,Vaporisateur,100,3348901016285,€ 133.44,20,69.39,1387.75,,,,,,,
F008286009,Vaporisateur,150,3348901283991,€ 165.14,,,,,,,,,,
,ABSOLUTELY EAU DE PARFUM,,,€ 0.00,,,,,,,,,,
F078221009,Vaporisateur,30,3348901300063,€ 67.82,10,35.27,352.65,,,,,,,
F078222009,Vaporisateur,50,3348901300056,€ 94.32,10,49.05,490.48,,,,,,,
F078224009,Vaporisateur,100,3348901300049,€ 133.44,10,69.39,693.87,,,,,,,
,EAU DE TOILETTE,,,€ 0.00,,,,,,,,,,
F006242309,Vaporisateur,50,3348901132879,€ 77.84,,,,,,,,,,
F006244309,Vaporisateur,100,3348901132886,€ 109.97,,,,,,,,,,
,BLOOMING BOUQUET EAU DE TOILETTE,,,€ 0.00,,,,,,,,,,
F032622889,Vaporisateur,50,3348900871984,€ 77.84,2,,,,,,,,,
F032624889,Vaporisateur,100,3348900871991,€ 109.97,,,,,,,,,,
F032686009,Vaporisateur,150,3348901283984,€ 134.80,,,,,,,,,,
,PRODUITS POUR LE BAIN,,,€ 0.00,,,,,,,,,,
F000237901,Savon Soyeux ,150 gr,3348901135207,€ 29.19,,,,,,,,,,
F000951000,Gel Douche ,200,3348901333122,€ 47.58,,,,,,,,,,
F001738000,Déodorant Vaporisateur ,100,3348901333139,€ 45.58,40,23.70,947.97,,,,,,,
F001901009,Brume Soyeuse pour le Corps,100,3348901288835,€ 48.65,,,,,,,,,,
F060288100,Hydratant Parfumé pour le Corps,200,3348900710320,€ 53.26,20,27.70,553.93,,,,,,,
F001600009,Parfum Pour Les Cheveux,30,3348901255820,€ 44.56,,,,,,,,,,
,FRAGRANCES MASCULINES,,,€ 0.00,,,,,,,,,,
,SAUVAGE,,,€ 0.00,,,,,,,,,,
,EAU DE TOILETTE,,,€ 0.00,,,,,,,,,,
F068522009,Vaporisateur ,60,3348901250153,€ 68.58,60,35.66,2139.60,,,,,,,
F068524009,Vaporisateur ,100,3348901250146,€ 94.23,60,49.00,2939.83,,,,,,,
F068528009,Vaporisateur,200,3348901321129,€ 143.50,10,74.62,746.19,,,,,,,
,PRODUITS POUR LE BAIN,,,€ 0.00,,,,,,,,,,
F000950000,Gel Douche ,200,3348901292252,€ 34.83,,,,,,,,,,
F001734009,Déodorant Vaporisateur Métal,150,3348901250276,€ 34.06,60,17.71,1062.52,,,,,,,
F001802000,Déodorant Stick (Sans Alcool),75 gr,3348901292276,€ 33.61,60,17.48,1048.55,,,,,,,
,APRES-RASAGE,,,€ 0.00,,,,,,,,,,
F000655000,Lotion en Flacon,100,3348901250269,€ 62.27,20,32.38,647.63,,,,,,,
F000502000,Baume en Flacon,100,3348901292269,€ 51.22,,,,,,,,,,
,DUNE POUR HOMME,,,€ 0.00,,,,,,,,,,
,EAU DE TOILETTE,,,€ 0.00,,,,,,,,,,
F069024009,Vaporisateur,100,3348900321861,€ 94.23,,,,,,,,,,
,EAU SAUVAGE EXTREME,,,€ 0.00,,,,,,,,,,
,EAU DE TOILETTE,,,€ 0.00,,,,,,,,,,
F007822009,Vaporisateur,50,3348900959392,€ 73.27,,,,,,,,,,
F007824009,Vaporisateur,100,3348900959385,€ 103.64,,,,,,,,,,
,EAU SAUVAGE,,,€ 0.00,,,,,,,,,,
,EAU SAUVAGE PARFUM EAU DE PARFUM,,,€ 0.00,,,,,,,,,,
F089722009,Vaporisateur,50,3348901069847,€ 73.27,,,,,,,,,,
F089724009,Vaporisateur,100,3348901069830,€ 103.64,,,,,,,,,,
F089728009,Vaporisateur,200,3348901141222,€ 157.84,,,,,,,,,,
,EAU DE TOILETTE,,,€ 0.00,,,,,,,,,,
F009704100,Flacon,100,3348900627437,€ 88.08,,,,,,,,,,
F009708100,Flacon,200,3348900627444,€ 133.83,,,,,,,,,,
F009716100,Flacon ,400,3348900627420,€ 192.56,,,,,,,,,,
F009732100,Flacon ,1000,3348900627475,€ 470.19,,,,,,,,,,
F009722109,Vaporisateur,50,3348900627505,€ 66.61,,,,,,,,,,
F009724109,Vaporisateur,100,3348900627499,€ 94.23,,,,,,,,,,
F009728109,Vaporisateur,200,3348900627482,€ 143.50,,,,,,,,,,
,COLOGNE EAU DE TOILETTE ,,,€ 0.00,,,,,,,,,,
F099722009,Vaporisateur,50,3348901251020,€ 66.61,,,,,,,,,,
F099724009,Vaporisateur,100,3348901251037,€ 94.23,,,,,,,,,,
,PRODUITS POUR LE BAIN,,,€ 0.00,,,,,,,,,,
F000794000,Savon,150,3348900911048,€ 25.08,,,,,,,,,,
F000945000,Gel Douche,200,3348901250122,€ 34.83,,,,,,,,,,
F057064000,Déodorant Vaporisateur Métal,150,3348900911055,€ 34.06,,,,,,,,,,
F005767100,Déodorant Stick (sans alcool),75,3348900627536,€ 33.61,,,,,,,,,,
,PRODUITS DE RASAGE,,,€ 0.00,,,,,,,,,,
F000744000,Crème à Raser,150,3348900911130,€ 25.08,,,,,,,,,,
F007068000,Mousse à Raser,200,3348900911079,€ 27.65,,,,,,,,,,
,APRES-RASAGE,,,€ 0.00,,,,,,,,,,
F057014000,Lotion en Flacon,100,3348900911109,€ 62.27,,,,,,,,,,
F057018000,Lotion en Flacon,200,3348900911123,€ 88.08,,,,,,,,,,
F057024000,Lotion Vaporisateur,100,3348900911116,€ 66.83,,,,,,,,,,
F005744000,Baume en Flacon,100,3348900911093,€ 51.22,,,,,,,,,,
,FAHRENHEIT,,,€ 0.00,,,,,,,,,,
,FAHRENHEIT PARFUM EAU DE PARFUM,,,€ 0.00,,,,,,,,,,
F086623009,Vaporisateur,75,3348901116817,€ 103.64,,,,,,,,,,
,EAU DE TOILETTE,,,€ 0.00,,,,,,,,,,
F006622009,Vaporisateur,50,3348900012189,€ 66.61,20,34.64,692.76,,,,,,,
F006624009,Vaporisateur,100,3348900012219,€ 94.23,20,49.00,979.94,,,,,,,
F006628009,Vaporisateur,200,3348900147324,€ 143.50,,,,,,,,,,
,COLOGNE EAU DE TOILETTE,,,€ 0.00,,,,,,,,,,
F009623009,Vaporisateur,75,3348901294669,€ 66.61,3,34.64,103.91,,,,,,,
F009655009,Vaporisateur,125,3348901294676,€ 94.23,3,49.00,146.99,,,,,,,
F009628009,Vaporisateur,200,3348901325196,€ 129.16,,,,,,,,,,
,PRODUITS POUR LE BAIN,,,€ 0.00,,,,,,,,,,
F000946000,Gel Douche,200,3348901250139,€ 34.83,,,,,,,,,,
F005666909,Déodorant Vaporisateur Métal,150,3348900199699,€ 34.06,20,17.71,354.17,,,,,,,
F005665900,Déodorant Stick (sans alcool),75,3348900600379,€ 33.61,20,17.48,349.52,,,,,,,
,APRES-RASAGE,,,€ 0.00,,,,,,,,,,
F005612000,Lotion en Flacon,50,3348900010031,€ 43.03,,,,,,,,,,
F005614000,Lotion en Flacon,100,3348900010048,€ 62.27,,,,,,,,,,
F005624009,Lotion Vaporisateur,100,3348900010062,€ 66.83,10,34.75,347.49,,,,,,,
F055643700,Baume en Tube,70,3348900791060,€ 42.52,,,,,,,,,,
,HIGHER,,,€ 0.00,,,,,,,,,,
,EAU DE TOILETTE,,,€ 0.00,,,,,,,,,,
F066022009,Vaporisateur,50,3348900489202,€ 66.61,,,,,,,,,,
F066024009,Vaporisateur,100,3348900489226,€ 94.23,,,,,,,,,,
,HIGHER ENERGY,,,€ 0.00,,,,,,,,,,
,EAU DE TOILETTE,,,€ 0.00,,,,,,,,,,
F067422009,Vaporisateur,50,3348900574632,€ 66.61,,,,,,,,,,
F067424009,Vaporisateur,100,3348900574656,€ 94.23,,,,,,,,,,
,DIOR HOMME,,,€ 0.00,,,,,,,,,,
,PARFUM ,,,€ 0.00,,,,,,,,,,
F049223009,Vaporisateur,75,3348901218245,€ 114.02,25,59.29,1482.21,,,,,,,
,INTENSE EAU DE PARFUM ,,,€ 0.00,,,,,,,,,,
F047922709,Vaporisateur,50,3348900838178,€ 73.27,10,38.10,380.99,,,,,,,
F047924709,Vaporisateur,100,3348900838185,€ 103.64,10,53.89,538.95,,,,,,,
F077926009,Vaporisateur,150,3348901001120,€ 124.95,,,,,,,,,,
,EAU DE TOILETTE,,,€ 0.00,,,,,,,,,,
F046922009,Vaporisateur ,50,3348900662629,€ 66.61,,,,,,,,,,
F046924009,Vaporisateur ,100,3348900662636,€ 94.23,,,,,,,,,,
F066926009,Vaporisateur,150,3348901001113,€ 113.69,,,,,,,,,,
,COLOGNE EAU DE TOILETTE ,,,€ 0.00,,,,,,,,,,
F091903009,Vaporisateur,75,3348901126342,€ 73.27,6,38.10,228.59,,,,,,,
F091955009,Vaporisateur,125,3348901126359,€ 103.64,3,53.89,161.68,,,,,,,
F091928009,Vaporisateur,200,3348901242424,€ 143.50,,,,,,,,,,
,PRODUITS POUR LE BAIN,,,€ 0.00,,,,,,,,,,
F000947000,Gel Douche,200,3348901250313,€ 34.83,,,,,,,,,,
F001736009,Déodorant Vaporisateur Métal,150,3348901250306,€ 34.06,10,17.71,177.09,,,,,,,
F001800000,Déodorant Stick (Sans Alcool) ,75,3348901250290,€ 33.61,10,17.48,174.76,,,,,,,
,APRES-RASAGE,,,€ 0.00,,,,,,,,,,
F036914000,Lotion en Flacon ,100,3348900662674,€ 62.27,6,32.38,194.29,,,,,,,
F000500000,Baume en Flacon,100,3348901250283,€ 51.22,,,,,,,,,,
,DIOR HOMME SPORT ,,,€ 0.00,,,,,,,,,,
,EAU DE TOILETTE,,,€ 0.00,,,,,,,,,,
F068922709,Vaporisateur,50,3348901333047,€ 66.61,6,34.64,207.83,,,,,,,
F068923709,Vaporisateur,75,3348901333054,€ 73.27,6,38.10,228.59,,,,,,,
F068955709,Vaporisateur ,125,3348901333061,€ 103.64,,,,,,,,,,
,MAQUILLAGE LEVRES,,,€ 0.00,,,,,,,,,,
F002875000,DIOR ADDICT LIPSTICK,,,€ 35.85,,,,,,,,,,
F002875138,Purity,,3348901264518,€ 35.85,,,,,,,,,,
F002875260,Bright,,3348901264716,€ 35.85,,,,,,,,,,
F002875266,Delight,,3348901265423,€ 35.85,,,,,,,,,,
F002875334,Happy,,3348901264921,€ 35.85,,,,,,,,,,
F002875441,Frimousse,,3348901264525,€ 35.85,,,,,,,,,,
F002875451,Tribale,,3348901265072,€ 35.85,,,,,,,,,,
F002875532,So Electric,,3348901270021,€ 35.85,,,,,,,,,,
F002875535,Tailleur Bar,,3348901264471,€ 35.85,,,,,,,,,,
F002875536,Lucky,,3348901264679,€ 35.85,,,,,,,,,,
F002875553,Smile,,3348901264662,€ 35.85,,,,,,,,,,
F002875554,It Pink,,3348901264655,€ 35.85,,,,,,,,,,
F002875561,Wonderful,,3348901274449,€ 35.85,,,,,,,,,,
F002875578,Diorkiss,,3348901264860,€ 35.85,,,,,,,,,,
F002875579,Must-Have,,3348901264846,€ 35.85,,,,,,,,,,
F002875612,City Lights,,3348901264501,€ 35.85,,,,,,,,,,
F002875623,Not Shy,,3348901274425,€ 35.85,,,,,,,,,,
F002875639,Riviera,,3348901265041,€ 35.85,,,,,,,,,,
F002875655,Mutine,,3348901264778,€ 35.85,,,,,,,,,,
F002875680,After Party,,3348901264594,€ 35.85,,,,,,,,,,
F002875685,Oversize,,3348901265515,€ 35.85,,,,,,,,,,
F002875722,True,,3348901264495,€ 35.85,,,,,,,,,,
F002875750,Rock'n Roll,,3348901265003,€ 35.85,,,,,,,,,,
F002875871,Power,,3348901264686,€ 35.85,,,,,,,,,,
F002875881,Fashion Night,,3348901264587,€ 35.85,,,,,,,,,,
F002875951,Too Much,,3348901264945,€ 35.85,,,,,,,,,,
F002875967,Gotha,,3348901265096,€ 35.85,,,,,,,,,,
F002875976,Be Dior,,3348901264570,€ 35.85,,,,,,,,,,
F002875983,Insoumise,,3348901274432,€ 35.85,,,,,,,,,,
F002875987,Black Tie,,3348901264877,€ 35.85,,,,,,,,,,
F028530000,DIOR ADDICT GLOSS,,,€ 31.84,,,,,,,,,,
F028530004,Tiara,,3348901296939,€ 31.84,,,,,,,,,,
F028530267,So Real,,3348901297011,€ 31.84,,,,,,,,,,
F028530363,Nude,,3348901296953,€ 31.84,,,,,,,,,,
F028530453,Sideral,,3348901297059,€ 31.84,,,,,,,,,,
F028530465,Shock,,3348901296861,€ 31.84,,,,,,,,,,
F028530553,Princess,,3348901296854,€ 31.84,,,,,,,,,,
F028530629,Mirrored,,3348901297219,€ 31.84,,,,,,,,,,
F028530643,Everdior,,3348901296915,€ 31.84,,,,,,,,,,
F028530649,Nova,,3348901297110,€ 31.84,,,,,,,,,,
F028530653,Sequins,,3348901296908,€ 31.84,,,,,,,,,,
F028530656,Cosmic,,3348901297172,€ 31.84,,,,,,,,,,
F028530662,Diorling,,3348901296922,€ 31.84,,,,,,,,,,
F028530664,New Wave,,3348901297134,€ 31.84,,,,,,,,,,
F028530676,Cruise,,3348901297073,€ 31.84,,,,,,,,,,
F028530683,Chromic,,3348901297141,€ 31.84,,,,,,,,,,
F028530686,Fancy,,3348901296885,€ 31.84,,,,,,,,,,
F028530765,Ultradior,,3348901296878,€ 31.84,,,,,,,,,,
F028530785,Diorama,,3348901297158,€ 31.84,,,,,,,,,,
F028520000,DIOR ADDICT FLUID STICK,,,€ 35.85,,,,,,,,,,
F028520373,Rieuse,,3348901207294,€ 35.85,,,,,,,,,,
F028520389,Kiss Me,,3348901207409,€ 35.85,,,,,,,,,,
F028520575,Wonderland,,3348901212434,€ 35.85,,,,,,,,,,
F028520754,Pandore,,3348901212458,€ 35.85,,,,,,,,,,
F028520779,Plaisir,,3348901250696,€ 35.85,,,,,,,,,,
F028520784,Chic,,3348901276122,€ 35.85,,,,,,,,,,
F002873001,DIOR ADDICT MILKY TINT,,,€ 35.85,,,,,,,,,,
F002873026,Milky Pearl,,3348901309738,€ 35.85,,,,,,,,,,
F002873126,Milky Pure,,3348901309745,€ 35.85,,,,,,,,,,
F002873156,Milky Pastel,,3348901309752,€ 35.85,,,,,,,,,,
F002873286,Milky Plum,,3348901309769,€ 35.85,,,,,,,,,,
F002873356,Milky Peach,,3348901309721,€ 35.85,,,,,,,,,,
F002873376,Milky Pop,,3348901309714,€ 35.85,,,,,,,,,,
F002867000,DIOR ADDICT LIP MAXIMIZER ,,,€ 35.85,,,,,,,,,,
F002867001,Universal Pink,,3348900806931,€ 35.85,200,17.92,3584.53,,,,,,,
F002701000,DIOR ADDICT LIP GLOW ,,3348900898844,€ 35.85,,,,,,,,,,
F002701001,Universal Pink,,3348900898844,€ 35.85,50,17.92,896.13,,,,,,,
F002708000,DIOR ADDICT LIP GLOW  POMADE,,,€ 35.85,,,,,,,,,,
F002708001,Universal Pink,,3348901287746,€ 35.85,,,,,,,,,,
,DIOR ADDICT LIP SUGAR SCRUB,,,€ 0.00,,,,,,,,,,
F002888001,Universal Pink,,3348901334952,€ 35.85,,,,,,,,,,
F002783000,ROUGE DIOR,,,€ 35.85,,,,,,,,,,
F002783028,Actrice,,3348901304627,€ 35.85,,,,,,,,,,
F002783047,Miss,,3348901312356,€ 35.85,,,,,,,,,,
F002783060,Première,,3348901312363,€ 35.85,,,,,,,,,,
F002783080,Red Smile,,3348901312370,€ 35.85,,,,,,,,,,
F002783219,Rose Montaigne,,3348901304382,€ 35.85,,,,,,,,,,
F002783263,Hasard,,3348901304528,€ 35.85,,,,,,,,,,
F002783277,Osée,,3348901304511,€ 35.85,,,,,,,,,,
F002783343,Panaréa,,3348901306577,€ 35.85,,,,,,,,,,
F002783365,New World,,3348901304610,€ 35.85,,,,,,,,,,
F002783414,Saint Germain,,3348901304412,€ 35.85,,,,,,,,,,
F002783434,Promenade,,3348901304283,€ 35.85,,,,,,,,,,
F002783458,Paris,,3348901304429,€ 35.85,,,,,,,,,,
F002783520,Feel Good,,3348901313674,€ 35.85,,,,,,,,,,
F002783642,Ready,,3348901304597,€ 35.85,,,,,,,,,,
F002783643,Stand Out,,3348901326131,€ 35.85,,,,,,,,,,
F002783644,Sydney,,3348901304658,€ 35.85,,,,,,,,,,
F002783663,Désir,,3348901304399,€ 35.85,,,,,,,,,,
F002783678,Culte,,3348901304566,€ 35.85,,,,,,,,,,
F002783683,Rendez-Vous,,3348901304290,€ 35.85,,,,,,,,,,
F002783743,Rouge Zinnia,,3348901304641,€ 35.85,,,,,,,,,,
F002783766,Rose Harpers,,3348901304481,€ 35.85,,,,,,,,,,
F002783775,Darling,,3348901304498,€ 35.85,,,,,,,,,,
F002783844,Trafalgar,,3348901306560,€ 35.85,,,,,,,,,,
F002783872,Victoire,,3348901304672,€ 35.85,,,,,,,,,,
F002783999,999,,3348901304665,€ 35.85,,,,,,,,,,
F002784000,ROUGE DIOR MATTE,,,€ 35.85,,,,,,,,,,
F002784634,Strong Matte,,3348901309806,€ 35.85,15,17.92,268.84,,,,,,,
F002784652,Euphoric Matte,,3348901306348,€ 35.85,15,17.92,268.84,,,,,,,
F002784771,Radiant Matte,,3348901306324,€ 35.85,15,17.92,268.84,,,,,,,
F002784772,Classic Matte,,3348901306317,€ 35.85,15,17.92,268.84,,,,,,,
F002784787,Exuberant Matte,,3348901306379,€ 35.85,15,17.92,268.84,,,,,,,
F002784789,Superstitious Matte,,3348901325844,€ 35.85,15,17.92,268.84,,,,,,,
F002784897,Mysterious Matte,,3348901306355,€ 35.85,15,17.92,268.84,,,,,,,
F002784962,Poison Matte,,3348901325837,€ 35.85,15,17.92,268.84,,,,,,,
F002784964,Ambitious Matte,,3348901306409,€ 35.85,15,17.92,268.84,,,,,,,
F002784999,999 Matte,,3348901306386,€ 35.85,15,17.92,268.84,,,,,,,
F002645000,ROUGE DIOR BAUME,,,€ 35.34,,,,,,,,,,
F002645128,Star,,3348901223430,€ 35.34,,,,,,,,,,
F002645468,Spring,,3348901223386,€ 35.34,,,,,,,,,,
F002645538,Boréale,,3348901223393,€ 35.34,,,,,,,,,,
F002645558,Lili,,3348901231237,€ 35.34,,,,,,,,,,
F002645568,Rose Rose,,3348901223409,€ 35.34,,,,,,,,,,
F002645640,Milly,,3348901223461,€ 35.34,,,,,,,,,,
F002645660,Coquette,,3348901223362,€ 35.34,,,,,,,,,,
F002645688,Diorette,,3348901223317,€ 35.34,,,,,,,,,,
F002645740,Escapade,,3348901223454,€ 35.34,,,,,,,,,,
F002645758,Lys Rouge,,3348901223324,€ 35.34,,,,,,,,,,
F002645760,Garden Party,,3348901223355,€ 35.34,,,,,,,,,,
F002645788,Fleur Bleue,,3348901223348,€ 35.34,,,,,,,,,,
F002645855,Sweetheart,,3348901223331,€ 35.34,,,,,,,,,,
F002645988,Nuit Rose,,3348901223379,€ 35.34,,,,,,,,,,
F077325000,ROUGE DIOR BRILLANT,,,€ 36.35,,,,,,,,,,
F077325047,Miss,,3348901312448,€ 36.35,,,,,,,,,,
F077325060,Première,,3348901312455,€ 36.35,,,,,,,,,,
F077325080,Red Smile,,3348901312462,€ 36.35,,,,,,,,,,
F077325263,Swan,,3348901255448,€ 36.35,,,,,,,,,,
F077325310,Paname,,3348901255424,€ 36.35,,,,,,,,,,
F077325359,Rose Baiser ,,3348901255455,€ 36.35,,,,,,,,,,
F077325468,Bonheur,,3348901261005,€ 36.35,,,,,,,,,,
F077325688,Hollywood,,3348901255486,€ 36.35,,,,,,,,,,
F077325760,Times Square,,3348901255400,€ 36.35,,,,,,,,,,
F077325808,Victoire,,3348901255356,€ 36.35,,,,,,,,,,
F077325858,Royale,,3348901255363,€ 36.35,,,,,,,,,,
F077325999,999,,3348901255370,€ 36.35,,,,,,,,,,
F077125000,ROUGE DIOR CONTOUR UNIVERSELLE,,,€ 25.88,,,,,,,,,,
F077125001,001 Universelle,,3348901089920,€ 25.88,,,,,,,,,,
F077135000,ROUGE DIOR CONTOUR,,,€ 24.99,,,,,,,,,,
F077135047,Miss,,3348901312417,€ 24.99,,,,,,,,,,
F077135060,Première,,3348901312424,€ 24.99,,,,,,,,,,
F077135080,Red Smile,,3348901312431,€ 24.99,,,,,,,,,,
F077135169,Grège,,3348901177832,€ 24.99,,,,,,,,,,
F077135362,Rose Eclat,,3348901177764,€ 24.99,,,,,,,,,,
F077135463,Bois de Rose,,3348901177825,€ 24.99,,,,,,,,,,
F077135468,Spring,,3348901231275,€ 24.99,,,,,,,,,,
F077135573,Mauve Désinvolte,,3348901177948,€ 24.99,,,,,,,,,,
F077135593,Brun Figue,,3348901177801,€ 24.99,,,,,,,,,,
F077135775,Rouge de Fête,,3348901177795,€ 24.99,,,,,,,,,,
F077135943,Prune Troublant,,3348901177931,€ 24.99,,,,,,,,,,
F077135999,Rouge Dior,,3348901177917,€ 24.99,,,,,,,,,,
F002760000,DIORIFIC,,,€ 39.95,,,,,,,,,,
F002760001,Diorama,,3348900264908,€ 39.95,,,,,,,,,,
F002760005,Glory,,3348900264946,€ 39.95,,,,,,,,,,
F002760008,Mitzah,,3348900264977,€ 39.95,,,,,,,,,,
F002760013,Ange Bleu,,3348900265028,€ 39.95,,,,,,,,,,
F002760014,Dolce Vita,,3348900265035,€ 39.95,,,,,,,,,,
F002760021,Icône,,3348900410299,€ 39.95,,,,,,,,,,
F002760023,Diorella,,3348900410312,€ 39.95,,,,,,,,,,
F002760024,Liz,,3348900410329,€ 39.95,,,,,,,,,,
F002760025,Diorissimo,,3348900448339,€ 39.95,,,,,,,,,,
F002760037,Diorling,,3348901120418,€ 39.95,,,,,,,,,,
F002760038,Diva,,3348901120425,€ 39.95,,,,,,,,,,
F002760040,Marilyn,,3348901120449,€ 39.95,,,,,,,,,,
F002763000,DIORIFIC MAT,,,€ 0.00,,,,,,,,,,
F002763540,Magique,,3348901276245,€ 39.95,,,,,,,,,,
F002763560,Ravissement,,3348901326216,€ 39.95,,,,,,,,,,
F002763590,Troublante,,3348901276252,€ 39.95,,,,,,,,,,
F002763750,Fabuleuse,,3348901276238,€ 39.95,,,,,,,,,,
F002763770,Fantastique,,3348901276221,€ 39.95,,,,,,,,,,
F002763880,Fascination,,3348901326247,€ 39.95,,,,,,,,,,
,MAQUILLAGE ONGLES,,,€ 0.00,,,,,,,,,,
F000355000,DIOR VERNIS ,,,€ 26.08,,,,,,,,,,
F000355108,Muguet,,3348901208147,€ 26.08,,,,,,,,,,
F000355155,Tra-la-la,,3348901208079,€ 26.08,,,,,,,,,,
F000355268,Ruban,,3348901208215,€ 26.08,,,,,,,,,,
F000355306,Trianon,,3348901208109,€ 26.08,,,,,,,,,,
F000355338,Mirage,,3348901212632,€ 26.08,,,,,,,,,,
F000355403,Palais Royal,,3348901208116,€ 26.08,,,,,,,,,,
F000355413,Grège,,3348901208154,€ 26.08,,,,,,,,,,
F000355494,Junon,,3348901212601,€ 26.08,,,,,,,,,,
F000355537,Riviera,,3348901208031,€ 26.08,,,,,,,,,,
F000355551,Aventure,,3348901212595,€ 26.08,,,,,,,,,,
F000355575,Wonderland,,3348901208062,€ 26.08,,,,,,,,,,
F000355659,Lucky,,3348901208055,€ 26.08,,,,,,,,,,
F000355661,Bonheur,,3348901212618,€ 26.08,,,,,,,,,,
F000355754,Pandore,,3348901212571,€ 26.08,,,,,,,,,,
F000355758,Victoire,,3348901208000,€ 26.08,,,,,,,,,,
F000355769,Front Row,,3348901208048,€ 26.08,,,,,,,,,,
F000355785,Cosmopolite,,3348901263795,€ 26.08,,,,,,,,,,
F000355800,Now,,3348901325738,€ 26.08,,,,,,,,,,
F000355803,Métal Montaigne,,3348901208093,€ 26.08,,,,,,,,,,
F000355853,Massaï,,3348901207997,€ 26.08,,,,,,,,,,
F000355970,Nuit 1947,,3348901207942,€ 26.08,,,,,,,,,,
F000355999,Rouge 999,,3348901207980,€ 26.08,,,,,,,,,,
,COLLECTION ,,,€ 0.00,,,,,,,,,,
F002953000,Dissolvant Abricot,,3348901149969,€ 20.49,,,,,,,,,,
F002810001,Crème Abricot,,3348900008694,€ 26.08,,,,,,,,,,
F002857000,Huile Abricot,,3348901149990,€ 26.08,,,,,,,,,,
F002820001,Base Coat Abricot,,3348901149921,€ 26.08,,,,,,,,,,
F002832000,Top Coat Abricot,,3348901149938,€ 26.08,,,,,,,,,,
F002840000,Gel Top Coat,,3348901084598,€ 26.08,,,,,,,,,,
F002812000,DIORLISSE,,,€ 26.08,,,,,,,,,,
F002812500,Pétale de Rose,,3348901173100,€ 26.08,,,,,,,,,,
F002812800,Rose des Neiges,,3348901173117,€ 26.08,,,,,,,,,,
,MAQUILLAGE YEUX,,,€ 0.00,,,,,,,,,,
,COLLECTION,,,€ 0.00,,,,,,,,,,
F074630000,POWDER EYEBROW PENCIL ,,,€ 25.61,,,,,,,,,,
F074630093,Noir ,,3348901253123,€ 25.61,,,,,,,,,,
F074630433,Blond Cendré ,,3348901253161,€ 25.61,,,,,,,,,,
F074630453,Châtain ,,3348901253130,€ 25.61,,,,,,,,,,
F074630593,Brun ,,3348901253147,€ 25.61,,,,,,,,,,
F074630653,Blond,,3348901253154,€ 25.61,,,,,,,,,,
F074630693,Brun Foncé,,3348901253178,€ 25.61,,,,,,,,,,
F077510000,DIORLINER,,,€ 39.43,,,,,,,,,,
F077510098,Noir,,3348900286177,€ 39.43,,,,,,,,,,
F077510798,Brun,,3348900286184,€ 39.43,,,,,,,,,,
F080305000,CRAYON EYELINER WP,,,€ 25.61,,,,,,,,,,
F080305094,Noir Trinidad,,3348900649705,€ 25.61,,,,,,,,,,
F080305254,Bleu Captivant,,3348900649712,€ 25.61,,,,,,,,,,
F080305594,Brun Intense,,3348900649828,€ 25.61,,,,,,,,,,
,DIORSHOW,,,€ 0.00,,,,,,,,,,
F069740000,DIORSHOW,,,€ 34.37,,,,,,,,,,
F069740090,Pro Black,,3348901252881,€ 34.37,,,,,,,,,,
F069740168,Pro Purple,,3348901252911,€ 34.37,,,,,,,,,,
F069740258,Pro Blue,,3348901252898,€ 34.37,,,,,,,,,,
F069740698,Pro Brown,,3348901252904,€ 34.37,,,,,,,,,,
F069715000,DIORSHOW WP,,,€ 34.37,,,,,,,,,,
F069715090,Noir ,,3348900669697,€ 34.37,,,,,,,,,,
F069715258,Azur,,3348900669703,€ 34.37,,,,,,,,,,
F069715698,Chàtaigne,,3348900669710,€ 34.37,,,,,,,,,,
F069703000,DIORSHOW BLACK OUT,,,€ 34.37,,,,,,,,,,
F069703099,Noir Khôl,,3348900797468,€ 34.37,20,17.18,343.66,,,,,,,
F069725000,DIORSHOW BLACK OUT WP,,,€ 34.37,10,17.18,171.83,,,,,,,
F069725099,Noir Khôl,,3348900865433,€ 34.37,,,,,,,,,,
F069610000, DIORSHOW ICONIC,,,€ 34.37,,,,,,,,,,
F069610090,Noir ,,3348900877733,€ 34.37,20,17.18,343.66,,,,,,,
F069610268,Marine,,3348900877740,€ 34.37,,,,,,,,,,
F069610698,Châtaigne,,3348900877757,€ 34.37,,,,,,,,,,
F069614000,DIORSHOW ICONIC WP,,,€ 34.37,,,,,,,,,,
F069614090,Extreme Black,,3348900910034,€ 34.37,6,17.18,103.10,,,,,,,
F069717000,DIORSHOW ICONIC OVERCURL,,,€ 34.37,,,,,,,,,,
F069717090,Over Noir,,3348901141604,€ 34.37,20,17.18,343.66,,,,,,,
F069717264,Over Bleu,,3348901141611,€ 34.37,6,17.18,103.10,,,,,,,
F069717694,Over Brun,,3348901141628,€ 34.37,,,,,,,,,,
F069625000,DIORSHOW ICONIC OVERCURL WP,,,€ 34.37,,,,,,,,,,
F069625091,Over Noir,,3348901205535,€ 34.37,10,17.18,171.83,,,,,,,
F002870000,DIORSHOW EXTASE,,,€ 34.37,,,,,,,,,,
F002870090,Noir Extase,,3348900943858,€ 34.37,20,17.18,343.66,,,,,,,
F002870791,Brun Extase,,3348901012997,€ 34.37,,,,,,,,,,
F002870871,Prune Extase,,3348901013000,€ 34.37,,,,,,,,,,
F069710000,DIORSHOW NEW LOOK,,,€ 34.37,,,,,,,,,,
F069710090,Noir New Look,,3348901001915,€ 34.37,20,17.18,343.66,,,,,,,
F069710264,Bleu New Look,,3348901073967,€ 34.37,,,,,,,,,,
F069710694,Brun New Look,,3348901073974,€ 34.37,,,,,,,,,,
F069797000,DIORSHOW MAXIMIZER 3D,,,€ 0.00,,,,,,,,,,
F069797001,Lash Plumping Sérum,,3348901293037,€ 33.80,2,,,,,,,,,
F077535000,DIORSHOW PRO LINER WP,,,€ 27.13,,,,,,,,,,
F077535042,Pro Grey,,3348901252799,€ 27.13,,,,,,,,,,
F077535062,Pro Grège,,3348901324328,€ 27.13,,,,,,,,,,
F077535082,Pro Anthracite,,3348901300070,€ 27.13,,,,,,,,,,
F077535092,Pro Black,,3348901252805,€ 27.13,,,,,,,,,,
F077535182,Pro Purple,,3348901252812,€ 27.13,,,,,,,,,,
F077535272,Pro Blue,,3348901252829,€ 27.13,,,,,,,,,,
F077535282,Pro Navy,,3348901300087,€ 27.13,,,,,,,,,,
F077535472,Pro Khaki,,3348901252836,€ 27.13,,,,,,,,,,
F077535582,Pro Brown,,3348901252843,€ 27.13,,,,,,,,,,
F077535772,Pro Mahogany,,3348901300094,€ 27.13,,,,,,,,,,
F073920000,DIORSHOW KHOL PEN,,,€ 24.99,,,,,,,,,,
F073920079,Smoky Grey,,3348901237482,€ 24.99,,,,,,,,,,
F073920099,Smoky Black,,3348901237451,€ 24.99,,,,,,,,,,
F073920289,Smoky Blue,,3348901237468,€ 24.99,,,,,,,,,,
F073920789,Smoky Brown,,3348901237475,€ 24.99,,,,,,,,,,
F077530000,DIORSHOW ART PEN ,,,€ 37.89,,,,,,,,,,
F077530095,Noir Podium,,3348901140836,€ 37.89,,,,,,,,,,
F014716000,DIORSHOW MONO ,,,€ 33.30,,,,,,,,,,
F014716006,Infinity,,3348901301909,€ 33.30,,,,,,,,,,
F014716026,Techno,,3348901301947,€ 33.30,,,,,,,,,,
F014716071,Radical,,3348901301961,€ 33.30,,,,,,,,,,
F014716081,Runway,,3348901301978,€ 33.30,,,,,,,,,,
F014716173,Evening,,3348901301794,€ 33.30,,,,,,,,,,
F014716240,Air,,3348901311397,€ 33.30,,,,,,,,,,
F014716296,Show,,3348901302005,€ 33.30,,,,,,,,,,
F014716480,Nature,,3348901301862,€ 33.30,,,,,,,,,,
F014716516,Delicate,,3348901301916,€ 33.30,,,,,,,,,,
F014716530,Gallery,,3348901301640,€ 33.30,,,,,,,,,,
F014716554,Minimalism,,3348901301657,€ 33.30,,,,,,,,,,
F014716573,Mineral,,3348901301787,€ 33.30,,,,,,,,,,
F014716583,Animal,,3348901301770,€ 33.30,,,,,,,,,,
F014716616,Pulse,,3348901301930,€ 33.30,,,,,,,,,,
F014716623,Feeling,,3348901301923,€ 33.30,,,,,,,,,,
F014716658,Cosmopolite,,3348901301954,€ 33.30,,,,,,,,,,
F014716756,Front Row,,3348901301763,€ 33.30,,,,,,,,,,
F014716826,Backstage,,3348901301992,€ 33.30,,,,,,,,,,
F014716848,Focus,,3348901301817,€ 33.30,,,,,,,,,,
F014716994,Power,,3348901301848,€ 33.30,,,,,,,,,,
F014717000,DIORSHOW MONO LUSTROUS,,,€ 33.30,,,,,,,,,,
F014717094,Gravity,,3348901320054,€ 33.30,,,,,,,,,,
F014717184,Temptation,,3348901320023,€ 33.30,,,,,,,,,,
F014717564,Fire,,3348901320047,€ 33.30,,,,,,,,,,
F014717684,Reflexion,,3348901320016,€ 33.30,,,,,,,,,,
F014717764,Fusion,,3348901320009,€ 33.30,,,,,,,,,,
F014717794,Fever,,3348901320122,€ 33.30,,,,,,,,,,
F014830000,DIORSHOW FUSION MONO,,,€ 33.80,,,,,,,,,,
F014830001,Lune,,3348901173094,€ 33.80,,,,,,,,,,
F014830081,Aventure,,3348901173087,€ 33.80,,,,,,,,,,
F014830281,Cosmos,,3348901173032,€ 33.80,,,,,,,,,,
F014830381,Millenium,,3348901173025,€ 33.80,,,,,,,,,,
F014830661,Météore,,3348901173070,€ 33.80,,,,,,,,,,
F014830881,Hypnotique,,3348901173049,€ 33.80,,,,,,,,,,
F014831000,DIORSHOW FUSION MONO MATTE,,,€ 33.80,,,,,,,,,,
F014831641,Fantaisie,,3348901198097,€ 33.80,,,,,,,,,,
F014831761,Mirage,,3348901198110,€ 33.80,,,,,,,,,,
F072613000,DIORSHOW BROW STYLER,,,€ 25.61,,,,,,,,,,
F072613001,Universal Brown,,3348900923799,€ 25.61,,,,,,,,,,
F072613002,Universal Dark Brown,,3348901254533,€ 25.61,,,,,,,,,,
F069750000,DIORSHOW BROW STYLER GEL,,,€ 29.19,,,,,,,,,,
F069750001,Transparent,,3348901255332,€ 29.19,,,,,,,,,,
F069750002,Blonde,,3348901260077,€ 29.19,,,,,,,,,,
F069750003,Brown,,3348901260084,€ 29.19,,,,,,,,,,
,DIOR ADDICT ,,,€ 0.00,,,,,,,,,,
F077720000,DIOR ADDICT IT-LINE,,,€ 37.89,,,,,,,,,,
F077720099,It-Black,,3348901204750,€ 37.89,,,,,,,,,,
F069810000,DIOR ADDICT IT-LASH,,,€ 34.37,,,,,,,,,,
F069810092,It-Black,,3348901202596,€ 34.37,,,,,,,,,,
,COULEURS ,,,€ 0.00,,,,,,,,,,
F014840000,5 COULEURS ,,,€ 58.38,,,,,,,,,,
F014840056,Bar,,3348901212830,€ 58.38,,,,,,,,,,
F014840096,Pied-de-Poule,,3348901212847,€ 58.38,,,,,,,,,,
F014840156,Femme-Fleur,,3348901212748,€ 58.38,,,,,,,,,,
F014840276,Carré Bleu,,3348901212649,€ 58.38,,,,,,,,,,
F014840456,Jardin,,3348901212656,€ 58.38,,,,,,,,,,
F014840566,Versailles,,3348901212755,€ 58.38,,,,,,,,,,
F014840646,30 Montaigne,,3348901212816,€ 58.38,,,,,,,,,,
F014840676,Candy Choc,,3348901212861,€ 58.38,,,,,,,,,,
F014840796,Cuir Cannage,,3348901212823,€ 58.38,,,,,,,,,,
F014840876,Trafalgar,,3348901212717,€ 58.38,,,,,,,,,,
F014814000,5 COULEURS DESIGNER,,,€ 60.95,,,,,,,,,,
F014814008,Smoky Design,,3348901257770,€ 60.95,,,,,,,,,,
F014814208,Navy Design,,3348901257787,€ 60.95,,,,,,,,,,
F014814308,Khaki Design,,3348901257794,€ 60.95,,,,,,,,,,
F014814508,Nude Pink Design,,3348901257756,€ 60.95,,,,,,,,,,
F014814708,Amber Design,,3348901257749,€ 60.95,,,,,,,,,,
F014814718,Taupe Design,,3348901257800,€ 60.95,,,,,,,,,,
,MAQUILLAGE VISAGE,,,€ 0.00,,,,,,,,,,
,DIORSKIN,,,€ 0.00,,,,,,,,,,
F077080000,DIORSKIN FOREVER FLUIDE,,,€ 49.16,,,,,,,,,,
F077080010,Ivoire,,3348901278348,€ 49.16,10,24.58,245.78,,,,,,,
F077080015,Beige Tendre,,3348901342735,€ 49.16,,,,,,,,,,
F077080020,Beige Clair,,3348901278324,€ 49.16,30,24.58,737.34,,,,,,,
F077080022,Camée ,,3348901278355,€ 49.16,,,,,,,,,,
F077080023,Pêche,,3348901278379,€ 49.16,,,,,,,,,,
F077080025,Beige Doux,,3348901342742,€ 49.16,,,,,,,,,,
F077080030,Beige Moyen,,3348901278331,€ 49.16,30,24.58,737.34,,,,,,,
F077080031,Sable ,,3348901278409,€ 49.16,30,24.58,737.34,,,,,,,
F077080032,Beige Rosé ,,3348901278386,€ 49.16,,,,,,,,,,
F077080033,Beige Ambré ,,3348901278393,€ 49.16,,,,,,,,,,
F077080035,Beige Désert,,3348901342759,€ 49.16,10,24.58,245.78,,,,,,,
F077080040,Miel ,,3348901278362,€ 49.16,10,24.58,245.78,,,,,,,
F077080043,Cannelle ,,3348901280662,€ 49.16,,,,,,,,,,
F077080045,Beige Noisette,,3348901342766,€ 49.16,,,,,,,,,,
F077080050,Beige Foncé ,,3348901278423,€ 49.16,,,,,,,,,,
F077080060,Moka ,,3348901278447,€ 49.16,,,,,,,,,,
,DIORSKIN FOREVER PERFECT CUSHION,,,€ 0.00,,,,,,,,,,
F007950010,Ivoire,,3348901344791,€ 49.16,,,,,,,,,,
F007950011,Crème,,3348901344807,€ 49.16,,,,,,,,,,
F007950012,Porcelaine,,3348901344814,€ 49.16,,,,,,,,,,
F007950020,Beige Clair,,3348901344821,€ 49.16,,,,,,,,,,
F007950030,Beige Moyen,,3348901344845,€ 49.16,,,,,,,,,,
F007950040,Miel,,3348901344852,€ 49.16,,,,,,,,,,
,DIORSKIN FOREVER PERFECT CUSHION REFILL,,,€ 0.00,,,,,,,,,,
F007951010,Ivoire,,3348901344999,€ 41.14,,,,,,,,,,
F007951011,Crème,,3348901345002,€ 41.14,,,,,,,,,,
F007951012,Porcelaine,,3348901345019,€ 41.14,,,,,,,,,,
F007951020,Beige Clair,,3348901345026,€ 41.14,,,,,,,,,,
F007951030,Beige Moyen,,3348901345040,€ 41.14,,,,,,,,,,
F007951040,Miel,,3348901345057,€ 41.14,,,,,,,,,,
F077970000,DIORSKIN FOREVER & EVER WEAR,,,€ 43.53,,,,,,,,,,
F077970001,Primer Base,,3348901282604,€ 43.53,,,,,,,,,,
F072070000,DIORSKIN FOREVER & EVER CONTROL,,,€ 48.65,,,,,,,,,,
F072070001,Loose Powder,,3348901282680,€ 48.65,,,,,,,,,,
,DIORSKIN FOREVER FLUIDE SPONGE,,,€ 0.00,,,,,,,,,,
F099274000,Sponge,,3348901281249,€ 19.60,,,,,,,,,,
F033230000,DIORSKIN FOREVER COMPACT,,,€ 56.34,,,,,,,,,,
F033230010,Ivoire,,3348900988958,€ 56.34,,,,,,,,,,
F033230023,Pêche,,3348900989016,€ 56.34,,,,,,,,,,
F033230030,Beige Moyen,,3348900989061,€ 56.34,,,,,,,,,,
F033230032,Beige Rosé,,3348900989078,€ 56.34,,,,,,,,,,
F033230040,Miel,,3348900989092,€ 56.34,,,,,,,,,,
F033230050,Beige Foncé,,3348900989108,€ 56.34,,,,,,,,,,
F033231000,DIORSKIN FOREVER COMPACT REFILL,,,€ 40.98,,,,,,,,,,
F033231010,Ivoire,,3348900989139,€ 40.98,,,,,,,,,,
F033231023,Pêche,,3348900989191,€ 40.98,,,,,,,,,,
F033231030,Moyen Beige,,3348900989207,€ 40.98,,,,,,,,,,
F033231032,Beige Rosé,,3348900989214,€ 40.98,,,,,,,,,,
F033231040,Miel,,3348900989238,€ 40.98,,,,,,,,,,
F033231050,Beige Foncé,,3348900989245,€ 40.98,,,,,,,,,,
F077885000,DIORSKIN STAR,,,€ 50.19,,,,,,,,,,
F077885010,Ivoire,,3348901219426,€ 50.19,10,25.09,250.94,,,,,,,
F077885020,Beige Clair,,3348901219464,€ 50.19,30,25.09,752.81,,,,,,,
F077885022,Camée,,3348901219488,€ 50.19,,,,,,,,,,
F077885023,Pêche,,3348901219495,€ 50.19,,,,,,,,,,
F077885030,Beige Moyen,,3348901219501,€ 50.19,30,25.09,752.81,,,,,,,
F077885031,Sable,,3348901219518,€ 50.19,30,25.09,752.81,,,,,,,
F077885032,Beige Rosé,,3348901219525,€ 50.19,,,,,,,,,,
F077885033,Beige Ambré,,3348901219532,€ 50.19,,,,,,,,,,
F077885040,Miel,,3348901219549,€ 50.19,10,25.09,250.94,,,,,,,
F077885043,Cannelle,,3348901219563,€ 50.19,,,,,,,,,,
F077885050,Beige Foncé,,3348901219570,€ 50.19,,,,,,,,,,
F077885060,Moka,,3348901219587,€ 50.19,,,,,,,,,,
F074915000,DIORSKIN STAR ANTICERNE,,,€ 33.78,,,,,,,,,,
F074915001,Ivoire,,3348901219839,€ 33.78,20,16.89,337.83,,,,,,,
F074915002,Beige,,3348901219846,€ 33.78,20,16.89,337.83,,,,,,,
F074915003,Sable,,3348901219853,€ 33.78,,,,,,,,,,
F074915004,Miel,,3348901219860,€ 33.78,,,,,,,,,,
F077890000,DIORSKIN NUDE FLUIDE,,,€ 50.19,,,,,,,,,,
F077890010,Ivoire,,3348901103411,€ 50.19,20,25.09,501.87,,,,,,,
F077890020,Beige Clair,,3348901103435,€ 50.19,40,25.09,1003.75,,,,,,,
F077890022,Camée,,3348901103459,€ 50.19,,,,,,,,,,
F077890023,Pêche,,3348901103466,€ 50.19,,,,,,,,,,
F077890030,Beige Moyen,,3348901103473,€ 50.19,40,25.09,1003.75,,,,,,,
F077890031,Sable,,3348901103480,€ 50.19,40,25.09,1003.75,,,,,,,
F077890032,Beige Rosé,,3348901103497,€ 50.19,,,,,,,,,,
F077890040,Miel,,3348901103510,€ 50.19,30,25.09,752.81,,,,,,,
F077890050,Beige Foncé,,3348901103527,€ 50.19,,,,,,,,,,
F074720000,DIORSKIN NUDE BB CREME,,,€ 46.08,,,,,,,,,,
F074720002,Fair,,3348901137447,€ 46.08,,,,,,,,,,
F074720003,Medium,,3348901137454,€ 46.08,,,,,,,,,,
F074720025,Medium Beige,,3348901262422,€ 46.08,,,,,,,,,,
F077893000,DIORSKIN NUDE AIR SERUM,,,€ 51.22,,,,,,,,,,
F077893020,Beige Clair,,3348901238038,€ 51.22,,,,,,,,,,
F077893023,Pêche,,3348901248099,€ 51.22,,,,,,,,,,
F077893030,Beige Moyen,,3348901248105,€ 51.22,,,,,,,,,,
F077893033,Beige Abricot,,3348901250849,€ 51.22,,,,,,,,,,
F077893040,Miel,,3348901248112,€ 51.22,,,,,,,,,,
F077893050,Beige Foncé,,3348901248129,€ 51.22,,,,,,,,,,
F072035000,DIORSKIN NUDE AIR LOOSE POWDER,,,€ 54.04,,,,,,,,,,
F072035012,Rose,,3348901248341,€ 54.04,,,,,,,,,,
F072035020,Beige Clair,,3348901248358,€ 54.04,,,,,,,,,,
F072035030,Beige Moyen,,3348901248365,€ 54.04,,,,,,,,,,
F072035040,Miel ,,3348901248372,€ 54.04,,,,,,,,,,
F033240000,DIORSKIN NUDE AIR POWDER,,,€ 50.15,,,,,,,,,,
F033240020,Beige Clair,,3348901248235,€ 50.15,,,,,,,,,,
F033240030,Beige Moyen,,3348901248259,€ 50.15,,,,,,,,,,
F033240040,Miel,,3348901248266,€ 50.15,,,,,,,,,,
F071240000,DIORSKIN NUDE AIR TAN POWDER,,,€ 50.15,,,,,,,,,,
F071240001,Miel Doré,,3348901248273,€ 50.15,,,,,,,,,,
F071240002,Ambre,,3348901248280,€ 50.15,,,,,,,,,,
F071240003,Cannelle,,3348901248297,€ 50.15,,,,,,,,,,
F071240004,Epice,,3348901248327,€ 50.15,,,,,,,,,,
F071240025,Ambre Mate,,3348901248303,€ 50.15,,,,,,,,,,
F071240035,Cannelle Mate,,3348901248310,€ 50.15,,,,,,,,,,
F077892000,DIORSKIN NUDE AIR GLOW ,,,€ 54.18,,,,,,,,,,
F077892001,Fresh Tan,,3348901302449,€ 54.18,,,,,,,,,,
F077892002,Fresh Light,,3348901302456,€ 54.18,,,,,,,,,,
F077892003,Warm Tan,,3348901302562,€ 54.18,,,,,,,,,,
F077892004,Warm Light,,3348901302579,€ 54.18,,,,,,,,,,
F077865000,DIORSKIN NUDE AIR LUMINIZER ,,,€ 54.18,,,,,,,,,,
F077865001,001,,3348901311854,€ 54.18,30,27.09,812.65,,,,,,,
F077865002,002,,3348901342810,€ 54.18,30,27.09,812.65,,,,,,,
F077865004,004,,3348901342834,€ 54.18,30,27.09,812.65,,,,,,,
F070951000,DIORSKIN ECLAT SATIN,,,€ 50.19,,,,,,,,,,
F070951200,Beige Claire,,3348900574847,€ 50.19,,,,,,,,,,
F070951202,Camée,,3348900574861,€ 50.19,,,,,,,,,,
F070951300,Beige Moyen,,3348900574885,€ 50.19,,,,,,,,,,
F070951302,Beige Rosé,,3348900574892,€ 50.19,,,,,,,,,,
F070951400,Miel,,3348900574908,€ 50.19,,,,,,,,,,
F070951402,Sable Rosé,,3348900574915,€ 50.19,,,,,,,,,,
F071510000,ROSY GLOW ,,,€ 48.14,,,,,,,,,,
F071510001,Pétale,,3348901070034,€ 48.14,,,,,,,,,,
F071525000,DIORBLUSH,,,€ 46.08,,,,,,,,,,
F071525553,Cocktail Peach,,3348901157124,€ 46.08,,,,,,,,,,
F071525556,Amber Show,,3348901157131,€ 46.08,10,23.04,230.41,,,,,,,
F071525566,Brown Milly,,3348901156998,€ 46.08,,,,,,,,,,
F071525586,Orange Riviera ,,3348901157186,€ 46.08,,,,,,,,,,
F071525676,Coral Cruise,,3348901163316,€ 46.08,,,,,,,,,,
F071525746,Beige Nude,,3348901156981,€ 46.08,10,23.04,230.41,,,,,,,
F071525756,Rose Chérie,,3348901167758,€ 46.08,,,,,,,,,,
F071525829,Miss Pink,,3348901157001,€ 46.08,,,,,,,,,,
F071525849,Mimi Bronze ,,3348901156950,€ 46.08,,,,,,,,,,
F071525876,Happy Cherry,,3348901157070,€ 46.08,,,,,,,,,,
F071525889,New Red ,,3348901157094,€ 46.08,,,,,,,,,,
F071525896,Redissimo,,3348901169943,€ 46.08,,,,,,,,,,
F071525939,Rose Libertine,,3348901157032,€ 46.08,,,,,,,,,,
,CAPTURE TOTALE MAKE UP,,,€ 0.00,,,,,,,,,,
F070695000,CAPTURE TOTALE SERUM FOND DE TEINT ,,,€ 78.91,,,,,,,,,,
F070695010,Ivoire,,3348901190527,€ 78.91,2,,,,,,,,,
F070695020,Beige Clair,,3348901190558,€ 78.91,20,39.46,789.10,,,,,,,
F070695022,Camée,,3348901190572,€ 78.91,,,,,,,,,,
F070695023,Pêche,,3348901194594,€ 78.91,,,,,,,,,,
F070695030,Beige Moyen,,3348901190589,€ 78.91,10,39.46,394.55,,,,,,,
F070695032,Beige Rosé,,3348901190602,€ 78.91,,,,,,,,,,
F070695033,Beige Abricot,,3348901190619,€ 78.91,,,,,,,,,,
F070695040,Miel,,3348901190626,€ 78.91,10,39.46,394.55,,,,,,,
F070695050,Beige Foncé,,3348901190633,€ 78.91,,,,,,,,,,
,BACKSTAGE  ,,,€ 0.00,,,,,,,,,,
,PINCEAUX BACKSTAGE VISAGE,,,€ 0.00,,,,,,,,,,
F099558000,Fluid Foundation Brush Coverage +,,3348901103664,€ 51.22,,,,,,,,,,
F099559000,Fluid Foundation Brush Coverage ++,,3348901103671,€ 51.22,,,,,,,,,,
F099560000,Powder Foundation Brush Coverage +,,3348901103701,€ 62.49,,,,,,,,,,
F099561000,Powder Foundation Brush Coverage ++,,3348901103718,€ 62.49,,,,,,,,,,
F088075000,BACKSTAGE PROS FLASH LUMINIZER,,,€ 37.95,,,,,,,,,,
F088075001,Rose,,3348901311236,€ 37.95,,,,,,,,,,
F088075002,Ivoire,,3348901311243,€ 37.95,,,,,,,,,,
F088075003,Abricot,,3348901311267,€ 37.95,,,,,,,,,,
F092957000,FIX IT,,,€ 34.78,,,,,,,,,,
F092957001,Light Beige,,3348901261074,€ 34.78,,,,,,,,,,
F092957002,Medium Sand,,3348901261081,€ 34.78,,,,,,,,,,
F092957003,Dark Sand,,3348901261098,€ 34.78,,,,,,,,,,
F092957025,Medium Beige,,3348901322720,€ 34.78,,,,,,,,,,
F092960000,BACKSTAGE PROS FIX IT COLOUR,,,€ 34.78,,,,,,,,,,
F092960100,Bleu,,3348901311038,€ 34.78,,,,,,,,,,
F092960200,Abricot,,3348901311045,€ 34.78,,,,,,,,,,
F092960300,Jaune,,3348901311052,€ 34.78,,,,,,,,,,
F092960400,Vert,,3348901311069,€ 34.78,,,,,,,,,,
F088055001,CHEEK & LIP GLOW,,3348901234252,€ 38.43,,,,,,,,,,
F092954001,EYE REVIVER PALETTE,,3348901257725,€ 59.41,,,,,,,,,,
F014600002,BACKSTAGE EYE PRIME ,,3348901125277,€ 31.23,,,,,,,,,,
F092958001,ALL-IN-BROW 3D,,3348901285698,€ 59.41,,,,,,,,,,
F002707000,NAIL GLOW,,3348901134378,€ 26.08,,,,,,,,,,
,SOIN VISAGE,,,€ 0.00,,,,,,,,,,
,DEMAQUILLAGE,,,€ 0.00,,,,,,,,,,
,PELLI SECCHE /SENSIBILI - TENDRE,,,€ 0.00,,,,,,,,,,
F002136000,Lait Tendre Démaquillant ,200,3348900956025,€ 31.76,10,15.88,158.79,,,,,,,
F002116000,Lotion Tendre Tonifiante,200,3348900956049,€ 31.76,6,15.88,95.28,,,,,,,
F002145000,Mousse Tendre Nettoyante ,125,3348900956032,€ 31.76,20,15.88,317.59,,,,,,,
,PELLI NORMALI / MISTE - PURETE',,,€ 0.00,,,,,,,,,,
F002436000,Lait Pureté Démaquillant,200,3348900956056,€ 31.76,10,15.88,158.79,,,,,,,
F002416000,Lotion Pureté Tonifiante,200,3348900956070,€ 31.76,6,15.88,95.28,,,,,,,
F002445000,Mousse Pureté Nettoyante,125,3348900956063,€ 31.76,20,15.88,317.59,,,,,,,
,TUTTI I TIPI DI PELLE - EXPRESS,,,€ 0.00,,,,,,,,,,
F002536000,Eau Micellaire Démaquillante Express,200,3348900953222,€ 34.93,,,,,,,,,,
F002636000,Huile Douceur Démaquillante Express ,200,3348900953253,€ 34.93,,,,,,,,,,
F002515000,Duo Express Démaquillant Yeux ,125,3348900953239,€ 31.76,15,15.88,238.19,,,,,,,
F002544000,Doux Gommage Express ,75,3348900953246,€ 41.99,,,,,,,,,,
,ONE ESSENTIAL,,,€ 0.00,,,,,,,,,,
F073032000,One Essential ,30,3348901197731,€ 87.96,,,,,,,,,,
F073033000,One Essential ,50,3348901197748,€ 117.48,1,,,,,,,,,
,HYDRA LIFE,,,€ 0.00,,,,,,,,,,
F034432000,Sérum Sorbet,30,3348901252775,€ 69.65,,,,,,,,,,
F034953000,Crème Sorbet,50,3348901252782,€ 59.41,50,29.71,1485.28,,,,,,,
F034052000,Crème Soyeuse Pro-Jeunesse,50,3348900911673,€ 59.41,50,29.71,1485.28,,,,,,,
F037055000,Crème Sorbet Yeux Pro-Jeunesse,15,3348900911703,€ 49.16,20,24.58,491.56,,,,,,,
,MASCHERE,,,€ 0.00,,,,,,,,,,
F030144000,Masque Réhydratant ,75,3348900944909,€ 46.12,,,,,,,,,,
F030153000,Jelly Sleeping Mask,50,3348901288415,€ 68.11,,,,,,,,,,
,TRATTAMENTO RIDUTTORE PORI,,,€ 0.00,,,,,,,,,,
F037933000,Close-Up,50,3348901199728,€ 72.98,,,,,,,,,,
F045212000,HYDRA LIFE BB CREME,,,€ 0.00,,,,,,,,,,
F045212001,Water BB Crème 001,30,3348901288439,€ 52.89,10,26.45,264.46,,,,,,,
F045212002,Water BB Crème 002,30,3348901288446,€ 52.89,10,26.45,264.46,,,,,,,
F045212003,Water BB Crème 003,30,3348901288453,€ 52.89,,,,,,,,,,
F045143001,BB Crème Beige Lumière,50,3348901151818,€ 58.77,,,,,,,,,,
F045143000,BB Crème Pêche Dorée,50,3348901085427,€ 58.77,,,,,,,,,,
F045143003,BB Crème Ocre Soleil,50,3348901151832,€ 58.77,,,,,,,,,,
,CAPTURE TOTALE,,,€ 0.00,,,,,,,,,,
F060632000,Haute Nutrition Sérum Oil,30,3348901170222,€ 145.95,,,,,,,,,,
F061211005,Sérum Yeux,15,3348901250092,€ 104.40,,,,,,,,,,
F066732000,Sérum,30,3348901224932,€ 145.95,,,,,,,,,,
F066733000,Sérum ,50,3348901224956,€ 196.23,,,,,,,,,,
F060850000,Capture Totale Crème Légère,60,3348901259057,€ 161.58,,,,,,,,,,
F060450000,Capture Totale Crème Universelle,60,3348901259019,€ 161.58,,,,,,,,,,
F060350000,Capture Totale Crème Riche,60,3348901259095,€ 161.58,,,,,,,,,,
F060531000,Soin Regard Multi-Perfection ,15,3348901112970,€ 94.91,,,,,,,,,,
F065844005,Haute Nutrition Crème Mains Repair SPF 15,75,3348901151740,€ 62.49,,,,,,,,,,
,CAPTURE TOTALE DREAMSKIN,,,€ 0.00,,,,,,,,,,
F029032000,Dreamskin,30,3348901204767,€ 102.71,,,,,,,,,,
F029033000,Dreamskin ,50,3348901256841,€ 137.31,,,,,,,,,,
F029132000,Dreamskin Advanced ,30,3348901293747,€ 102.71,,,,,,,,,,
F029233000,Dreamskin Advanced Sleeve ,50,3348901327169,€ 137.31,10,68.65,686.55,,,,,,,
F029044000,Dreamskin Advanced Mask ,75,3348901296618,€ 67.58,,,,,,,,,,
F029390000,DREAMSKIN PERFECT SKIN CUSHION,,,€ 78.91,,,,,,,,,,
F029390010,Dreamskin Perfect Skin Cushion 010,15gr,3348901294867,€ 78.91,,,,,,,,,,
F029390020,Dreamskin Perfect Skin Cushion 020,15gr,3348901294874,€ 78.91,,,,,,,,,,
F029390025,Dreamskin Perfect Skin Cushion 025,15 gr,3348901352673,€ 78.91,,,,,,,,,,
F029390030,Dreamskin Perfect Skin Cushion 030,15gr,3348901294881,€ 78.91,,,,,,,,,,
F029399010,Dreamskin Perfect Skin Cushion Réfill 010,15gr,3348901302906,€ 41.14,,,,,,,,,,
F029399020,Dreamskin Perfect Skin Cushion Réfill 020,15gr,3348901303019,€ 41.14,,,,,,,,,,
F029399025,Dreamskin Perfect Skin Cushion Réfill 025,15gr,3348901352703,€ 41.14,,,,,,,,,,
F029399030,Dreamskin Perfect Skin Cushion Réfill 030,15gr,3348901303026,€ 41.14,,,,,,,,,,
,CAPTURE TOTALE NOTTE,,,€ 0.00,,,,,,,,,,
F061850000,Crème Nuit Multi Perfection ,60,3348901189071,€ 170.82,,,,,,,,,,
,CAPTURE TOTALE RICARICHE,,,€ 0.00,,,,,,,,,,
F066733099,Sérum Refill,50,3348901233668,€ 166.79,,,,,,,,,,
F060850099,Capture Totale Crème Légère Refill,60,3348901259071,€ 137.35,,,,,,,,,,
F060450099,Capture Totale Crème Universelle Refill,60,3348901259033,€ 137.35,,,,,,,,,,
F060350099,Capture Totale Crème Riche Refill,60,3348901259118,€ 137.35,,,,,,,,,,
F060750999,Crème Nuit Multi Perfection Refill,60,3348901205566,€ 145.19,,,,,,,,,,
F029433099,Dreamskin Refill,50,3348901239899,€ 116.76,,,,,,,,,,
F029133099,Dreamskin Advanced Réfill,50,3348901293761,€ 116.76,,,,,,,,,,
,CAPTURE XP,,,€ 0.00,,,,,,,,,,
F053433000,Capture XP  Sérum ,50,3348901055741,€ 129.06,20,64.53,1290.59,,,,,,,
F053653000,Capture XP Crème Riche ,50,3348901056052,€ 104.69,30,52.35,1570.42,,,,,,,
F053753000,Capture XP Crème Légère ,50,3348901056083,€ 104.69,30,52.35,1570.42,,,,,,,
F056851000,Capture XP Crème Yeux,15,3348901056090,€ 67.62,20,33.81,676.24,,,,,,,
,DIOR PRESTIGE,,,€ 0.00,,,66273.39089,,,,,,,
F067856004,Crème Démaquillante,200,3348901182966,€ 75.43,,,,,,,,,,
F068445004,Mousse Démaquillante,120,3348901183000,€ 64.65,,,,,,,,,,
F068716000,Essence Initiale,200,3348901122160,€ 90.92,,,,,,,,,,
F067032000,Le Nectar Sérum,30,3348901243520,€ 353.35,,,,,,,,,,
F067053000,La Crème ,50,3348901243537,€ 332.86,,,,,,,,,,
F067053099,La Crème Refill,50,3348901258999,€ 282.95,,,,,,,,,,
F065751000,Le Concentré Yeux,15,3348901271585,€ 164.07,,,,,,,,,,
F065761099,Le Concentré Yeux Refill,15,3348901281508,€ 139.45,,,,,,,,,,
F067233000,Huile Souveraine,50,3348901075060,€ 356.76,,,,,,,,,,
F067953000,Crème Souveraine,50,3348901075046,€ 343.99,,,,,,,,,,
F067500000,Masque Satin Fermeté Révitalisant ,1 x 6,3348901024662,€ 150.37,,,,,,,,,,
F040953000,Le Grande Masque,50,3348901162265,€ 203.26,,,,,,,,,,
F068232000,Le Nectar de Nuit,30,3348901190824,€ 416.31,,,,,,,,,,
,SOIN CORPS,,,€ 0.00,,,,,,,,,,
,DIOR SVELTE,,,€ 0.00,,,,,,,,,,
F026836000,Body Desire,200,3348901069427,€ 79.79,,,,,,,,,,
,SOLAIRES,,,€ 0.00,,,,,,,,,,
,DIOR BRONZE,,,€ 0.00,,,,,,,,,,
,AUTO- ABBRONZANTI,,,€ 0.00,,,,,,,,,,
F021543700,Autobronzant Eclat Naturel Visage,50,3348900788343,€ 37.46,,,,,,,,,,
F021545700,Autobronzant Eclat Naturel Corps,120,3348900788350,€ 40.46,,,,,,,,,,
F028124000,Huile Autobronzant Corps,100,3348901069366,€ 43.69,,,,,,,,,,
,PROTEZIONE SOLARE,,,€ 0.00,,,,,,,,,,
F021125000,"Huile Protectrice Visage, Corps & Cheveux SPF 15 ",125,3348901292757,€ 43.36,,,,,,,,,,
F021225000,Lait en Brume Protecteur Visage & Corps SPF 30,125,3348901292771,€ 43.36,,,,,,,,,,
F021143000,Crème Visage SPF 30,50,3348901292795,€ 34.91,,,,,,,,,,
F021443000,Crème Visage SPF 50,50,3348901292801,€ 34.91,,,,,,,,,,
,DOPO SOLE,,,€ 0.00,,,,,,,,,,
F021845000,Baume de Monoi Après-Soleil,150,3348900959606,€ 37.46,,,,,,,,,,
,SOIN VISAGE HOMME,,,€ 0.00,,,,,,,,,,
,DIOR HOMME DERMO SYSTEM,,,€ 0.00,,,,,,,,,,
F064041600,Gel Nettoyant Micro-Purifiant,125,3348900793347,€ 38.82,2,,,,,,,,,
F062335600,Lotion Après-Rasage Réparatrice,100,3348900760752,€ 52.44,,,,,,,,,,
F064433600,Soin Fermeté Age  Control,50,3348900760738,€ 78.21,2,,,,,,,,,
F063535000,Sérum Yeux Tenseur Défatigant,15,3348900905023,€ 53.61,2,,,,,,,,,
F064533600,Émulsion Hydratante Réparatrice ,50,3348900760745,€ 65.64,2,,,,,,,,,
F060013700,Baume Nourrissant Régénérant (pot),50,3348900831193,€ 65.64,2,,,,,,,,,
,,,,,,,66273.39,,,,,,,
,,,,,,,,,,,,,,
